C01.jpg,0
C02.jpg,1
C03.jpg,2
C04.jpg,3
C05.jpg,4
C06.jpg,5
C07.jpg,6
C08.jpg,7
C09.jpg,8
C10.jpg,9
C11.jpg,10
C12.jpg,11
C13.jpg,12
D01.jpg,0
D02.jpg,1
D03.jpg,2
D04.jpg,3
D05.jpg,4
D06.jpg,5
D07.jpg,6
D08.jpg,7
D09.jpg,8
D10.jpg,9
D11.jpg,10
D12.jpg,11
D13.jpg,12
H01.jpg,0
H02.jpg,1
H03.jpg,2
H04.jpg,3
H05.jpg,4
H06.jpg,5
H07.jpg,6
H08.jpg,7
H09.jpg,8
H10.jpg,9
H11.jpg,10
H12.jpg,11
H13.jpg,12
S01.jpg,0
S02.jpg,1
S03.jpg,2
S04.jpg,3
S05.jpg,4
S06.jpg,5
S07.jpg,6
S08.jpg,7
S09.jpg,8
S10.jpg,9
S11.jpg,10
S12.jpg,11
S13.jpg,12
