C01_01.jpg,0
C01_02.jpg,0
C01_03.jpg,0
C01_04.jpg,0
C01_05.jpg,0
C01_06.jpg,0
C02_01.jpg,1
C02_02.jpg,1
C02_03.jpg,1
C02_04.jpg,1
C02_05.jpg,1
C02_06.jpg,1
C03_01.jpg,2
C03_02.jpg,2
C03_03.jpg,2
C03_04.jpg,2
C03_05.jpg,2
C03_06.jpg,2
C04_01.jpg,3
C04_02.jpg,3
C04_03.jpg,3
C04_04.jpg,3
C04_05.jpg,3
C04_06.jpg,3
C05_01.jpg,4
C05_02.jpg,4
C05_03.jpg,4
C05_04.jpg,4
C05_05.jpg,4
C05_06.jpg,4
C06_01.jpg,5
C06_02.jpg,5
C06_03.jpg,5
C06_04.jpg,5
C06_05.jpg,5
C06_06.jpg,5
C07_01.jpg,6
C07_02.jpg,6
C07_03.jpg,6
C07_04.jpg,6
C07_05.jpg,6
C07_06.jpg,6
C08_01.jpg,7
C08_02.jpg,7
C08_03.jpg,7
C08_04.jpg,7
C08_05.jpg,7
C08_06.jpg,7
C09_01.jpg,8
C09_02.jpg,8
C09_03.jpg,8
C09_04.jpg,8
C09_05.jpg,8
C09_06.jpg,8
C10_01.jpg,9
C10_02.jpg,9
C10_03.jpg,9
C10_04.jpg,9
C10_05.jpg,9
C10_06.jpg,9
C11_01.jpg,10
C11_02.jpg,10
C11_03.jpg,10
C11_04.jpg,10
C11_05.jpg,10
C11_06.jpg,10
C12_01.jpg,11
C12_02.jpg,11
C12_03.jpg,11
C12_04.jpg,11
C12_05.jpg,11
C12_06.jpg,11
C13_01.jpg,12
C13_02.jpg,12
C13_03.jpg,12
C13_04.jpg,12
C13_05.jpg,12
C13_06.jpg,12
D01_01.jpg,13
D01_02.jpg,13
D01_03.jpg,13
D01_04.jpg,13
D01_05.jpg,13
D01_06.jpg,13
D02_01.jpg,14
D02_02.jpg,14
D02_03.jpg,14
D02_04.jpg,14
D02_05.jpg,14
D02_06.jpg,14
D03_01.jpg,15
D03_02.jpg,15
D03_03.jpg,15
D03_04.jpg,15
D03_05.jpg,15
D03_06.jpg,15
D04_01.jpg,16
D04_02.jpg,16
D04_03.jpg,16
D04_04.jpg,16
D04_05.jpg,16
D04_06.jpg,16
D05_01.jpg,17
D05_02.jpg,17
D05_03.jpg,17
D05_04.jpg,17
D05_05.jpg,17
D05_06.jpg,17
D06_01.jpg,18
D06_02.jpg,18
D06_03.jpg,18
D06_04.jpg,18
D06_05.jpg,18
D06_06.jpg,18
D07_01.jpg,19
D07_02.jpg,19
D07_03.jpg,19
D07_04.jpg,19
D07_05.jpg,19
D07_06.jpg,19
D08_01.jpg,20
D08_02.jpg,20
D08_03.jpg,20
D08_04.jpg,20
D08_05.jpg,20
D08_06.jpg,20
D09_01.jpg,21
D09_02.jpg,21
D09_03.jpg,21
D09_04.jpg,21
D09_05.jpg,21
D09_06.jpg,21
D10_01.jpg,22
D10_02.jpg,22
D10_03.jpg,22
D10_04.jpg,22
D10_05.jpg,22
D10_06.jpg,22
D11_01.jpg,23
D11_02.jpg,23
D11_03.jpg,23
D11_04.jpg,23
D11_05.jpg,23
D11_06.jpg,23
D12_01.jpg,24
D12_02.jpg,24
D12_03.jpg,24
D12_04.jpg,24
D12_05.jpg,24
D12_06.jpg,24
D13_01.jpg,25
D13_02.jpg,25
D13_03.jpg,25
D13_04.jpg,25
D13_05.jpg,25
D13_06.jpg,25
H01_01.jpg,26
H01_02.jpg,26
H01_03.jpg,26
H01_04.jpg,26
H01_05.jpg,26
H01_06.jpg,26
H02_01.jpg,27
H02_02.jpg,27
H02_03.jpg,27
H02_04.jpg,27
H02_05.jpg,27
H02_06.jpg,27
H03_01.jpg,28
H03_02.jpg,28
H03_03.jpg,28
H03_04.jpg,28
H03_05.jpg,28
H03_06.jpg,28
H04_01.jpg,29
H04_02.jpg,29
H04_03.jpg,29
H04_04.jpg,29
H04_05.jpg,29
H04_06.jpg,29
H05_01.jpg,30
H05_02.jpg,30
H05_03.jpg,30
H05_04.jpg,30
H05_05.jpg,30
H05_06.jpg,30
H06_01.jpg,31
H06_02.jpg,31
H06_03.jpg,31
H06_04.jpg,31
H06_05.jpg,31
H06_06.jpg,31
H07_01.jpg,32
H07_02.jpg,32
H07_03.jpg,32
H07_04.jpg,32
H07_05.jpg,32
H07_06.jpg,32
H08_01.jpg,33
H08_02.jpg,33
H08_03.jpg,33
H08_04.jpg,33
H08_05.jpg,33
H08_06.jpg,33
H09_01.jpg,34
H09_02.jpg,34
H09_03.jpg,34
H09_04.jpg,34
H09_05.jpg,34
H09_06.jpg,34
H10_01.jpg,35
H10_02.jpg,35
H10_03.jpg,35
H10_04.jpg,35
H10_05.jpg,35
H10_06.jpg,35
H11_01.jpg,36
H11_02.jpg,36
H11_03.jpg,36
H11_04.jpg,36
H11_05.jpg,36
H11_06.jpg,36
H12_01.jpg,37
H12_02.jpg,37
H12_03.jpg,37
H12_04.jpg,37
H12_05.jpg,37
H12_06.jpg,37
H13_01.jpg,38
H13_02.jpg,38
H13_03.jpg,38
H13_04.jpg,38
H13_05.jpg,38
H13_06.jpg,38
S01_01.jpg,39
S01_02.jpg,39
S01_03.jpg,39
S01_04.jpg,39
S01_05.jpg,39
S01_06.jpg,39
S02_01.jpg,40
S02_02.jpg,40
S02_03.jpg,40
S02_04.jpg,40
S02_05.jpg,40
S02_06.jpg,40
S03_01.jpg,41
S03_02.jpg,41
S03_03.jpg,41
S03_04.jpg,41
S03_05.jpg,41
S03_06.jpg,41
S04_01.jpg,42
S04_02.jpg,42
S04_03.jpg,42
S04_04.jpg,42
S04_05.jpg,42
S04_06.jpg,42
S05_01.jpg,43
S05_02.jpg,43
S05_03.jpg,43
S05_04.jpg,43
S05_05.jpg,43
S05_06.jpg,43
S06_01.jpg,44
S06_02.jpg,44
S06_03.jpg,44
S06_04.jpg,44
S06_05.jpg,44
S06_06.jpg,44
S07_01.jpg,45
S07_02.jpg,45
S07_03.jpg,45
S07_04.jpg,45
S07_05.jpg,45
S07_06.jpg,45
S08_01.jpg,46
S08_02.jpg,46
S08_03.jpg,46
S08_04.jpg,46
S08_05.jpg,46
S08_06.jpg,46
S09_01.jpg,47
S09_02.jpg,47
S09_03.jpg,47
S09_04.jpg,47
S09_05.jpg,47
S09_06.jpg,47
S10_01.jpg,48
S10_02.jpg,48
S10_03.jpg,48
S10_04.jpg,48
S10_05.jpg,48
S10_06.jpg,48
S11_01.jpg,49
S11_02.jpg,49
S11_03.jpg,49
S11_04.jpg,49
S11_05.jpg,49
S11_06.jpg,49
S12_01.jpg,50
S12_02.jpg,50
S12_03.jpg,50
S12_04.jpg,50
S12_05.jpg,50
S12_06.jpg,50
S13_01.jpg,51
S13_02.jpg,51
S13_03.jpg,51
S13_04.jpg,51
S13_05.jpg,51
S13_06.jpg,51
