C10_02.jpg,9
S13_01.jpg,3
S09_01.jpg,11
D05_01.jpg,5
C13_02.jpg,0
H06_01.jpg,7
D06_01.jpg,6
H09_01.jpg,10
S06_02.jpg,8
H08_04.jpg,9
C03_06.jpg,2
C05_03.jpg,4
D02_03.jpg,2
S12_01.jpg,2
D03_02.jpg,3
S11_01.jpg,1
C10_04.jpg,9
S10_04.jpg,0
D09_02.jpg,9
D03_01.jpg,3
C07_02.jpg,6
S01_01.jpg,3
C02_03.jpg,1
H01_02.jpg,2
H13_03.jpg,2
S13_04.jpg,3
D05_03.jpg,5
D01_05.jpg,1
D12_05.jpg,0
D08_05.jpg,8
C05_04.jpg,4
C08_02.jpg,7
C03_03.jpg,2
D08_04.jpg,8
D10_03.jpg,10
S10_01.jpg,0
C04_01.jpg,3
H11_06.jpg,0
D08_06.jpg,8
C08_04.jpg,7
D06_02.jpg,6
H09_02.jpg,10
D03_05.jpg,3
C02_06.jpg,1
D07_03.jpg,7
H03_03.jpg,4
C03_05.jpg,2
D05_02.jpg,5
D09_05.jpg,9
D09_04.jpg,9
D04_04.jpg,4
C01_05.jpg,0
S03_02.jpg,5
S04_06.jpg,6
C09_04.jpg,8
S02_06.jpg,4
S10_03.jpg,0
H11_01.jpg,0
S06_03.jpg,8
S01_03.jpg,3
S04_05.jpg,6
D11_01.jpg,11
S02_04.jpg,4
C07_06.jpg,6
H02_05.jpg,3
D01_01.jpg,1
D11_02.jpg,11
S02_01.jpg,4
C11_01.jpg,10
H03_04.jpg,4
H08_06.jpg,9
S05_04.jpg,7
H07_03.jpg,8
H10_03.jpg,11
S01_02.jpg,3
D10_05.jpg,10
S07_05.jpg,9
S09_04.jpg,11
C06_02.jpg,5
H06_03.jpg,7
S08_01.jpg,10
C11_06.jpg,10
S10_02.jpg,0
H05_06.jpg,6
D13_03.jpg,1
D11_04.jpg,11
S02_02.jpg,4
D07_02.jpg,7
C12_02.jpg,11
C11_02.jpg,10
S13_05.jpg,3
D07_06.jpg,7
C12_03.jpg,11
S06_05.jpg,8
D13_02.jpg,1
C06_04.jpg,5
C12_05.jpg,11
C08_03.jpg,7
D02_01.jpg,2
H12_03.jpg,1
S08_06.jpg,10
S11_02.jpg,1
C09_02.jpg,8
S12_04.jpg,2
C02_04.jpg,1
H05_02.jpg,6
D09_03.jpg,9
H11_04.jpg,0
C03_02.jpg,2
H05_03.jpg,6
H04_04.jpg,5
H07_05.jpg,8
S07_01.jpg,9
H09_03.jpg,10
H03_05.jpg,4
S06_04.jpg,8
C10_01.jpg,9
S11_04.jpg,1
H10_02.jpg,11
S02_03.jpg,4
H04_02.jpg,5
H09_06.jpg,10
C05_06.jpg,4
H10_06.jpg,11
H13_02.jpg,2
S11_03.jpg,1
D07_04.jpg,7
D02_02.jpg,2
D03_04.jpg,3
H04_03.jpg,5
H12_05.jpg,1
D01_06.jpg,1
D08_01.jpg,8
C04_06.jpg,3
H09_05.jpg,10
H07_02.jpg,8
S04_01.jpg,6
H01_05.jpg,2
S10_06.jpg,0
C04_02.jpg,3
S07_02.jpg,9
S04_02.jpg,6
D05_05.jpg,5
C11_04.jpg,10
D10_04.jpg,10
S09_02.jpg,11
C08_05.jpg,7
H07_01.jpg,8
C07_01.jpg,6
C09_06.jpg,8
D13_04.jpg,1
C13_01.jpg,0
C13_03.jpg,0
C04_05.jpg,3
C12_04.jpg,11
D12_02.jpg,0
H08_03.jpg,9
C05_01.jpg,4
C09_03.jpg,8
D01_02.jpg,1
S07_06.jpg,9
D12_06.jpg,0
H04_05.jpg,5
C04_04.jpg,3
C02_05.jpg,1
C06_01.jpg,5
D13_05.jpg,1
S08_02.jpg,10
H05_05.jpg,6
D02_06.jpg,2
H11_03.jpg,0
H10_01.jpg,11
H12_04.jpg,1
H03_06.jpg,4
H05_04.jpg,6
D12_03.jpg,0
D06_06.jpg,6
S13_06.jpg,3
D04_01.jpg,4
D12_04.jpg,0
C03_04.jpg,2
H04_01.jpg,5
C07_04.jpg,6
C05_02.jpg,4
D12_01.jpg,0
C01_03.jpg,0
H01_01.jpg,2
H02_02.jpg,3
C01_02.jpg,0
H12_01.jpg,1
H09_04.jpg,10
D01_04.jpg,1
H12_06.jpg,1
S07_04.jpg,9
S05_05.jpg,7
H06_04.jpg,7
H06_05.jpg,7
C06_03.jpg,5
S12_06.jpg,2
C01_06.jpg,0
D11_06.jpg,11
D06_04.jpg,6
C13_06.jpg,0
C12_06.jpg,11
H13_06.jpg,2
H08_05.jpg,9
C10_05.jpg,9
S12_02.jpg,2
H11_05.jpg,0
S12_03.jpg,2
S09_06.jpg,11
D05_06.jpg,5
C03_01.jpg,2
D08_03.jpg,8
D06_03.jpg,6
S07_03.jpg,9
S01_06.jpg,3
C01_04.jpg,0
S05_06.jpg,7
D01_03.jpg,1
C11_03.jpg,10
D13_01.jpg,1
C10_06.jpg,9
C01_01.jpg,0
C11_05.jpg,10
H13_04.jpg,2
C07_03.jpg,6
C13_05.jpg,0
S08_03.jpg,10
D02_05.jpg,2
D07_01.jpg,7
H08_01.jpg,9
C02_01.jpg,1
H10_05.jpg,11
H01_06.jpg,2
H02_01.jpg,3
H02_04.jpg,3
C10_03.jpg,9
D04_03.jpg,4
C07_05.jpg,6
S03_03.jpg,5
H03_01.jpg,4
S06_01.jpg,8
S02_05.jpg,4
S03_06.jpg,5
H04_06.jpg,5
C06_05.jpg,5
D09_06.jpg,9
S08_05.jpg,10
S05_02.jpg,7
C05_05.jpg,4
C06_06.jpg,5
H05_01.jpg,6
S01_04.jpg,3
S13_02.jpg,3
S10_05.jpg,0
D04_06.jpg,4
H07_06.jpg,8
D02_04.jpg,2
D04_02.jpg,4
D10_02.jpg,10
D10_01.jpg,10
S05_01.jpg,7
H08_02.jpg,9
C08_01.jpg,7
S08_04.jpg,10
S09_03.jpg,11
D04_05.jpg,4
S13_03.jpg,3
S04_03.jpg,6
S12_05.jpg,2
D11_05.jpg,11
H03_02.jpg,4
D05_04.jpg,5
C04_03.jpg,3
C02_02.jpg,1
C09_05.jpg,8
S03_05.jpg,5
S03_01.jpg,5
D03_06.jpg,3
S06_06.jpg,8
D06_05.jpg,6
H01_04.jpg,2
H13_05.jpg,2
D13_06.jpg,1
D11_03.jpg,11
H13_01.jpg,2
H12_02.jpg,1
S11_05.jpg,1
H02_06.jpg,3
H06_02.jpg,7
S03_04.jpg,5
D08_02.jpg,8
H10_04.jpg,11
S05_03.jpg,7
D07_05.jpg,7
C13_04.jpg,0
H07_04.jpg,8
S09_05.jpg,11
C12_01.jpg,11
H02_03.jpg,3
D10_06.jpg,10
C08_06.jpg,7
H01_03.jpg,2
S01_05.jpg,3
S04_04.jpg,6
S11_06.jpg,1
C09_01.jpg,8
H06_06.jpg,7
D09_01.jpg,9
D03_03.jpg,3
H11_02.jpg,0
