C01-01.jpg,0
C01-02.jpg,0
C01-03.jpg,0
C01-04.jpg,0
C01-05.jpg,0
C01-06.jpg,0
C01-07.jpg,0
C01-08.jpg,0
C01-09.jpg,0
C01-10.jpg,0
C01-11.jpg,0
C01-12.jpg,0
C01-13.jpg,0
C02-01.jpg,1
C02-02.jpg,1
C02-03.jpg,1
C02-04.jpg,1
C02-05.jpg,1
C02-06.jpg,1
C02-07.jpg,1
C02-08.jpg,1
C02-09.jpg,1
C02-10.jpg,1
C02-11.jpg,1
C02-12.jpg,1
C02-13.jpg,1
C03-01.jpg,2
C03-02.jpg,2
C03-03.jpg,2
C03-04.jpg,2
C03-05.jpg,2
C03-06.jpg,2
C03-07.jpg,2
C03-08.jpg,2
C03-09.jpg,2
C03-10.jpg,2
C03-11.jpg,2
C03-12.jpg,2
C03-13.jpg,2
C04-01.jpg,3
C04-02.jpg,3
C04-03.jpg,3
C04-04.jpg,3
C04-05.jpg,3
C04-06.jpg,3
C04-07.jpg,3
C04-08.jpg,3
C04-09.jpg,3
C04-10.jpg,3
C04-11.jpg,3
C04-12.jpg,3
C04-13.jpg,3
C05-01.jpg,4
C05-02.jpg,4
C05-03.jpg,4
C05-04.jpg,4
C05-05.jpg,4
C05-06.jpg,4
C05-07.jpg,4
C05-08.jpg,4
C05-09.jpg,4
C05-10.jpg,4
C05-11.jpg,4
C05-12.jpg,4
C05-13.jpg,4
C06-01.jpg,5
C06-02.jpg,5
C06-03.jpg,5
C06-04.jpg,5
C06-05.jpg,5
C06-06.jpg,5
C06-07.jpg,5
C06-08.jpg,5
C06-09.jpg,5
C06-10.jpg,5
C06-11.jpg,5
C06-12.jpg,5
C06-13.jpg,5
C07-01.jpg,6
C07-02.jpg,6
C07-03.jpg,6
C07-04.jpg,6
C07-05.jpg,6
C07-06.jpg,6
C07-07.jpg,6
C07-08.jpg,6
C07-09.jpg,6
C07-10.jpg,6
C07-11.jpg,6
C07-12.jpg,6
C07-13.jpg,6
C08-01.jpg,7
C08-02.jpg,7
C08-03.jpg,7
C08-04.jpg,7
C08-05.jpg,7
C08-06.jpg,7
C08-07.jpg,7
C08-08.jpg,7
C08-09.jpg,7
C08-10.jpg,7
C08-11.jpg,7
C08-12.jpg,7
C08-13.jpg,7
C09-01.jpg,8
C09-02.jpg,8
C09-03.jpg,8
C09-04.jpg,8
C09-05.jpg,8
C09-06.jpg,8
C09-07.jpg,8
C09-08.jpg,8
C09-09.jpg,8
C09-10.jpg,8
C09-11.jpg,8
C09-12.jpg,8
C09-13.jpg,8
C10-01.jpg,9
C10-02.jpg,9
C10-03.jpg,9
C10-04.jpg,9
C10-05.jpg,9
C10-06.jpg,9
C10-07.jpg,9
C10-08.jpg,9
C10-09.jpg,9
C10-10.jpg,9
C10-11.jpg,9
C10-12.jpg,9
C10-13.jpg,9
C11-01.jpg,10
C11-02.jpg,10
C11-03.jpg,10
C11-04.jpg,10
C11-05.jpg,10
C11-06.jpg,10
C11-07.jpg,10
C11-08.jpg,10
C11-09.jpg,10
C11-10.jpg,10
C11-11.jpg,10
C11-12.jpg,10
C11-13.jpg,10
C12-01.jpg,11
C12-02.jpg,11
C12-03.jpg,11
C12-04.jpg,11
C12-05.jpg,11
C12-06.jpg,11
C12-07.jpg,11
C12-08.jpg,11
C12-09.jpg,11
C12-10.jpg,11
C12-11.jpg,11
C12-12.jpg,11
C12-13.jpg,11
C13-01.jpg,12
C13-02.jpg,12
C13-03.jpg,12
C13-04.jpg,12
C13-05.jpg,12
C13-06.jpg,12
C13-07.jpg,12
C13-08.jpg,12
C13-09.jpg,12
C13-10.jpg,12
C13-11.jpg,12
C13-12.jpg,12
C13-13.jpg,12
D01-01.jpg,13
D01-02.jpg,13
D01-03.jpg,13
D01-04.jpg,13
D01-05.jpg,13
D01-06.jpg,13
D01-07.jpg,13
D01-08.jpg,13
D01-09.jpg,13
D01-10.jpg,13
D01-11.jpg,13
D01-12.jpg,13
D01-13.jpg,13
D02-01.jpg,14
D02-02.jpg,14
D02-03.jpg,14
D02-04.jpg,14
D02-05.jpg,14
D02-06.jpg,14
D02-07.jpg,14
D02-08.jpg,14
D02-09.jpg,14
D02-10.jpg,14
D02-11.jpg,14
D02-12.jpg,14
D02-13.jpg,14
D03-01.jpg,15
D03-02.jpg,15
D03-03.jpg,15
D03-04.jpg,15
D03-05.jpg,15
D03-06.jpg,15
D03-07.jpg,15
D03-08.jpg,15
D03-09.jpg,15
D03-10.jpg,15
D03-11.jpg,15
D03-12.jpg,15
D03-13.jpg,15
D04-01.jpg,16
D04-02.jpg,16
D04-03.jpg,16
D04-04.jpg,16
D04-05.jpg,16
D04-06.jpg,16
D04-07.jpg,16
D04-08.jpg,16
D04-09.jpg,16
D04-10.jpg,16
D04-11.jpg,16
D04-12.jpg,16
D04-13.jpg,16
D05-01.jpg,17
D05-02.jpg,17
D05-03.jpg,17
D05-04.jpg,17
D05-05.jpg,17
D05-06.jpg,17
D05-07.jpg,17
D05-08.jpg,17
D05-09.jpg,17
D05-10.jpg,17
D05-11.jpg,17
D05-12.jpg,17
D05-13.jpg,17
D06-01.jpg,18
D06-02.jpg,18
D06-03.jpg,18
D06-04.jpg,18
D06-05.jpg,18
D06-06.jpg,18
D06-07.jpg,18
D06-08.jpg,18
D06-09.jpg,18
D06-10.jpg,18
D06-11.jpg,18
D06-12.jpg,18
D06-13.jpg,18
D07-01.jpg,19
D07-02.jpg,19
D07-03.jpg,19
D07-04.jpg,19
D07-05.jpg,19
D07-06.jpg,19
D07-07.jpg,19
D07-08.jpg,19
D07-09.jpg,19
D07-10.jpg,19
D07-11.jpg,19
D07-12.jpg,19
D07-13.jpg,19
D08-01.jpg,20
D08-02.jpg,20
D08-03.jpg,20
D08-04.jpg,20
D08-05.jpg,20
D08-06.jpg,20
D08-07.jpg,20
D08-08.jpg,20
D08-09.jpg,20
D08-10.jpg,20
D08-11.jpg,20
D08-12.jpg,20
D08-13.jpg,20
D09-01.jpg,21
D09-02.jpg,21
D09-03.jpg,21
D09-04.jpg,21
D09-05.jpg,21
D09-06.jpg,21
D09-07.jpg,21
D09-08.jpg,21
D09-09.jpg,21
D09-10.jpg,21
D09-11.jpg,21
D09-12.jpg,21
D09-13.jpg,21
D10-01.jpg,22
D10-02.jpg,22
D10-03.jpg,22
D10-04.jpg,22
D10-05.jpg,22
D10-06.jpg,22
D10-07.jpg,22
D10-08.jpg,22
D10-09.jpg,22
D10-10.jpg,22
D10-11.jpg,22
D10-12.jpg,22
D10-13.jpg,22
D11-01.jpg,23
D11-02.jpg,23
D11-03.jpg,23
D11-04.jpg,23
D11-05.jpg,23
D11-06.jpg,23
D11-07.jpg,23
D11-08.jpg,23
D11-09.jpg,23
D11-10.jpg,23
D11-11.jpg,23
D11-12.jpg,23
D11-13.jpg,23
D12-01.jpg,24
D12-02.jpg,24
D12-03.jpg,24
D12-04.jpg,24
D12-05.jpg,24
D12-06.jpg,24
D12-07.jpg,24
D12-08.jpg,24
D12-09.jpg,24
D12-10.jpg,24
D12-11.jpg,24
D12-12.jpg,24
D12-13.jpg,24
D13-01.jpg,25
D13-02.jpg,25
D13-03.jpg,25
D13-04.jpg,25
D13-05.jpg,25
D13-06.jpg,25
D13-07.jpg,25
D13-08.jpg,25
D13-09.jpg,25
D13-10.jpg,25
D13-11.jpg,25
D13-12.jpg,25
D13-13.jpg,25
H01-01.jpg,26
H01-02.jpg,26
H01-03.jpg,26
H01-04.jpg,26
H01-05.jpg,26
H01-06.jpg,26
H01-07.jpg,26
H01-08.jpg,26
H01-09.jpg,26
H01-10.jpg,26
H01-11.jpg,26
H01-12.jpg,26
H01-13.jpg,26
H02-01.jpg,27
H02-02.jpg,27
H02-03.jpg,27
H02-04.jpg,27
H02-05.jpg,27
H02-06.jpg,27
H02-07.jpg,27
H02-08.jpg,27
H02-09.jpg,27
H02-10.jpg,27
H02-11.jpg,27
H02-12.jpg,27
H02-13.jpg,27
H03-01.jpg,28
H03-02.jpg,28
H03-03.jpg,28
H03-04.jpg,28
H03-05.jpg,28
H03-06.jpg,28
H03-07.jpg,28
H03-08.jpg,28
H03-09.jpg,28
H03-10.jpg,28
H03-11.jpg,28
H03-12.jpg,28
H03-13.jpg,28
H04-01.jpg,29
H04-02.jpg,29
H04-03.jpg,29
H04-04.jpg,29
H04-05.jpg,29
H04-06.jpg,29
H04-07.jpg,29
H04-08.jpg,29
H04-09.jpg,29
H04-10.jpg,29
H04-11.jpg,29
H04-12.jpg,29
H04-13.jpg,29
H05-01.jpg,30
H05-02.jpg,30
H05-03.jpg,30
H05-04.jpg,30
H05-05.jpg,30
H05-06.jpg,30
H05-07.jpg,30
H05-08.jpg,30
H05-09.jpg,30
H05-10.jpg,30
H05-11.jpg,30
H05-12.jpg,30
H05-13.jpg,30
H06-01.jpg,31
H06-02.jpg,31
H06-03.jpg,31
H06-04.jpg,31
H06-05.jpg,31
H06-06.jpg,31
H06-07.jpg,31
H06-08.jpg,31
H06-09.jpg,31
H06-10.jpg,31
H06-11.jpg,31
H06-12.jpg,31
H06-13.jpg,31
H07-01.jpg,32
H07-02.jpg,32
H07-03.jpg,32
H07-04.jpg,32
H07-05.jpg,32
H07-06.jpg,32
H07-07.jpg,32
H07-08.jpg,32
H07-09.jpg,32
H07-10.jpg,32
H07-11.jpg,32
H07-12.jpg,32
H07-13.jpg,32
H08-01.jpg,33
H08-02.jpg,33
H08-03.jpg,33
H08-04.jpg,33
H08-05.jpg,33
H08-06.jpg,33
H08-07.jpg,33
H08-08.jpg,33
H08-09.jpg,33
H08-10.jpg,33
H08-11.jpg,33
H08-12.jpg,33
H08-13.jpg,33
H09-01.jpg,34
H09-02.jpg,34
H09-03.jpg,34
H09-04.jpg,34
H09-05.jpg,34
H09-06.jpg,34
H09-07.jpg,34
H09-08.jpg,34
H09-09.jpg,34
H09-10.jpg,34
H09-11.jpg,34
H09-12.jpg,34
H09-13.jpg,34
H10-01.jpg,35
H10-02.jpg,35
H10-03.jpg,35
H10-04.jpg,35
H10-05.jpg,35
H10-06.jpg,35
H10-07.jpg,35
H10-08.jpg,35
H10-09.jpg,35
H10-10.jpg,35
H10-11.jpg,35
H10-12.jpg,35
H10-13.jpg,35
H11-01.jpg,36
H11-02.jpg,36
H11-03.jpg,36
H11-04.jpg,36
H11-05.jpg,36
H11-06.jpg,36
H11-07.jpg,36
H11-08.jpg,36
H11-09.jpg,36
H11-10.jpg,36
H11-11.jpg,36
H11-12.jpg,36
H11-13.jpg,36
H12-01.jpg,37
H12-02.jpg,37
H12-03.jpg,37
H12-04.jpg,37
H12-05.jpg,37
H12-06.jpg,37
H12-07.jpg,37
H12-08.jpg,37
H12-09.jpg,37
H12-10.jpg,37
H12-11.jpg,37
H12-12.jpg,37
H12-13.jpg,37
H13-01.jpg,38
H13-02.jpg,38
H13-03.jpg,38
H13-04.jpg,38
H13-05.jpg,38
H13-06.jpg,38
H13-07.jpg,38
H13-08.jpg,38
H13-09.jpg,38
H13-10.jpg,38
H13-11.jpg,38
H13-12.jpg,38
H13-13.jpg,38
S01-01.jpg,39
S01-02.jpg,39
S01-03.jpg,39
S01-04.jpg,39
S01-05.jpg,39
S01-06.jpg,39
S01-07.jpg,39
S01-08.jpg,39
S01-09.jpg,39
S01-10.jpg,39
S01-11.jpg,39
S01-12.jpg,39
S01-13.jpg,39
S02-01.jpg,40
S02-02.jpg,40
S02-03.jpg,40
S02-04.jpg,40
S02-05.jpg,40
S02-06.jpg,40
S02-07.jpg,40
S02-08.jpg,40
S02-09.jpg,40
S02-10.jpg,40
S02-11.jpg,40
S02-12.jpg,40
S02-13.jpg,40
S03-01.jpg,41
S03-02.jpg,41
S03-03.jpg,41
S03-04.jpg,41
S03-05.jpg,41
S03-06.jpg,41
S03-07.jpg,41
S03-08.jpg,41
S03-09.jpg,41
S03-10.jpg,41
S03-11.jpg,41
S03-12.jpg,41
S03-13.jpg,41
S04-01.jpg,42
S04-02.jpg,42
S04-03.jpg,42
S04-04.jpg,42
S04-05.jpg,42
S04-06.jpg,42
S04-07.jpg,42
S04-08.jpg,42
S04-09.jpg,42
S04-10.jpg,42
S04-11.jpg,42
S04-12.jpg,42
S04-13.jpg,42
S05-01.jpg,43
S05-02.jpg,43
S05-03.jpg,43
S05-04.jpg,43
S05-05.jpg,43
S05-06.jpg,43
S05-07.jpg,43
S05-08.jpg,43
S05-09.jpg,43
S05-10.jpg,43
S05-11.jpg,43
S05-12.jpg,43
S05-13.jpg,43
S06-01.jpg,44
S06-02.jpg,44
S06-03.jpg,44
S06-04.jpg,44
S06-05.jpg,44
S06-06.jpg,44
S06-07.jpg,44
S06-08.jpg,44
S06-09.jpg,44
S06-10.jpg,44
S06-11.jpg,44
S06-12.jpg,44
S06-13.jpg,44
S07-01.jpg,45
S07-02.jpg,45
S07-03.jpg,45
S07-04.jpg,45
S07-05.jpg,45
S07-06.jpg,45
S07-07.jpg,45
S07-08.jpg,45
S07-09.jpg,45
S07-10.jpg,45
S07-11.jpg,45
S07-12.jpg,45
S07-13.jpg,45
S08-01.jpg,46
S08-02.jpg,46
S08-03.jpg,46
S08-04.jpg,46
S08-05.jpg,46
S08-06.jpg,46
S08-07.jpg,46
S08-08.jpg,46
S08-09.jpg,46
S08-10.jpg,46
S08-11.jpg,46
S08-12.jpg,46
S08-13.jpg,46
S09-01.jpg,47
S09-02.jpg,47
S09-03.jpg,47
S09-04.jpg,47
S09-05.jpg,47
S09-06.jpg,47
S09-07.jpg,47
S09-08.jpg,47
S09-09.jpg,47
S09-10.jpg,47
S09-11.jpg,47
S09-12.jpg,47
S09-13.jpg,47
S10-01.jpg,48
S10-02.jpg,48
S10-03.jpg,48
S10-04.jpg,48
S10-05.jpg,48
S10-06.jpg,48
S10-07.jpg,48
S10-08.jpg,48
S10-09.jpg,48
S10-10.jpg,48
S10-11.jpg,48
S10-12.jpg,48
S10-13.jpg,48
S11-01.jpg,49
S11-02.jpg,49
S11-03.jpg,49
S11-04.jpg,49
S11-05.jpg,49
S11-06.jpg,49
S11-07.jpg,49
S11-08.jpg,49
S11-09.jpg,49
S11-10.jpg,49
S11-11.jpg,49
S11-12.jpg,49
S11-13.jpg,49
S12-01.jpg,50
S12-02.jpg,50
S12-03.jpg,50
S12-04.jpg,50
S12-05.jpg,50
S12-06.jpg,50
S12-07.jpg,50
S12-08.jpg,50
S12-09.jpg,50
S12-10.jpg,50
S12-11.jpg,50
S12-12.jpg,50
S12-13.jpg,50
S13-01.jpg,51
S13-02.jpg,51
S13-03.jpg,51
S13-04.jpg,51
S13-05.jpg,51
S13-06.jpg,51
S13-07.jpg,51
S13-08.jpg,51
S13-09.jpg,51
S13-10.jpg,51
S13-11.jpg,51
S13-12.jpg,51
S13-13.jpg,51
