B2-C01.jpg,0
B2-C02.jpg,1
B2-C03.jpg,2
B2-C04.jpg,3
B2-C05.jpg,4
B2-C06.jpg,5
B2-C07.jpg,6
B2-C08.jpg,7
B2-C09.jpg,8
B2-C10.jpg,9
B2-C11.jpg,10
B2-C12.jpg,10
B2-C13.jpg,10
B2-D01.jpg,0
B2-D02.jpg,1
B2-D03.jpg,2
B2-D04.jpg,3
B2-D05.jpg,4
B2-D06.jpg,5
B2-D07.jpg,6
B2-D08.jpg,7
B2-D09.jpg,8
B2-D10.jpg,9
B2-D11.jpg,10
B2-D12.jpg,10
B2-D13.jpg,10
B2-H01.jpg,0
B2-H02.jpg,1
B2-H03.jpg,2
B2-H04.jpg,3
B2-H05.jpg,4
B2-H06.jpg,5
B2-H07.jpg,6
B2-H08.jpg,7
B2-H09.jpg,8
B2-H10.jpg,9
B2-H11.jpg,10
B2-H12.jpg,10
B2-H13.jpg,10
B2-S01.jpg,0
B2-S02.jpg,1
B2-S03.jpg,2
B2-S04.jpg,3
B2-S05.jpg,4
B2-S06.jpg,5
B2-S07.jpg,6
B2-S08.jpg,7
B2-S09.jpg,8
B2-S10.jpg,9
B2-S11.jpg,10
B2-S12.jpg,10
B2-S13.jpg,10
B3-C01.jpg,0
B3-C02.jpg,1
B3-C03.jpg,2
B3-C04.jpg,3
B3-C05.jpg,4
B3-C06.jpg,5
B3-C07.jpg,6
B3-C08.jpg,7
B3-C09.jpg,8
B3-C10.jpg,9
B3-C11.jpg,10
B3-C12.jpg,10
B3-C13.jpg,10
B3-D01.jpg,0
B3-D02.jpg,1
B3-D03.jpg,2
B3-D04.jpg,3
B3-D05.jpg,4
B3-D06.jpg,5
B3-D07.jpg,6
B3-D08.jpg,7
B3-D09.jpg,8
B3-D10.jpg,9
B3-D11.jpg,10
B3-D12.jpg,10
B3-D13.jpg,10
B3-H01.jpg,0
B3-H02.jpg,1
B3-H03.jpg,2
B3-H04.jpg,3
B3-H05.jpg,4
B3-H06.jpg,5
B3-H07.jpg,6
B3-H08.jpg,7
B3-H09.jpg,8
B3-H10.jpg,9
B3-H11.jpg,10
B3-H12.jpg,10
B3-H13.jpg,10
B3-S01.jpg,0
B3-S02.jpg,1
B3-S03.jpg,2
B3-S04.jpg,3
B3-S05.jpg,4
B3-S06.jpg,5
B3-S07.jpg,6
B3-S08.jpg,7
B3-S09.jpg,8
B3-S10.jpg,9
B3-S11.jpg,10
B3-S12.jpg,10
B3-S13.jpg,10
